,Timestamp,Lead Title,Source,URL,AI Summary,Confidence Score
245,2025-10-15 06:37:11,[Hiring] [Remote] [CET plus or minus 3 HOURS] - Senior Microsoft PowerBI Developer at Proxify (ðŸ’¸ $50k-$80k),techjobs,https://www.reddit.com/r/techjobs/comments/1k7gqfc/hiring_remote_cet_plus_or_minus_3_hours_senior/,"The post explicitly states that Proxify is hiring a remote Senior Microsoft PowerBI Developer with a specified salary range, demonstrating strong hiring intent.",1
244,2025-10-15 06:37:07,[Hiring] [Remote] [EU] - Quality Assurance Manager (m/f/d) - Purchasing Interface,techjobs,https://www.reddit.com/r/techjobs/comments/1k7jm4q/hiring_remote_eu_quality_assurance_manager_mfd/,"The post clearly indicates hiring for a Quality Assurance Manager position, showcasing strong intent to engage in recruitment. The remote option and detailed information link further support the likelihood of hiring.",0.9
243,2025-10-15 06:37:01,[Hiring] [Remote] [US] - Software Engineer Android ($155k-$213.2k),techjobs,https://www.reddit.com/r/techjobs/comments/1k7laf0/hiring_remote_us_software_engineer_android/,"The post explicitly states a hiring opportunity for a Software Engineer position, detailing experience requirements and skills needed, indicating strong hiring intent.",0.95
242,2025-10-15 06:36:57,[Hiring] [Remote] [US] - NextJS &amp; WordPress Developer;,techjobs,https://www.reddit.com/r/techjobs/comments/1k7tmkk/hiring_remote_us_nextjs_wordpress_developer/,"The post is a job listing for a WordPress and Next.js developer position, indicating strong hiring intent.",1
241,2025-10-15 06:36:51,[Hiring] [Remote] [US] - Senior Software Engineer; https://jobs.ashbyhq.com/solace/019c9ce5-4053-4f5b-a639-d75a9e862c56?departmentId=64964734-4f1b-46d6-9828-1dd5d8eea077,techjobs,https://www.reddit.com/r/techjobs/comments/1k7usoq/hiring_remote_us_senior_software_engineer/,"The post is a clear job opening for a Senior Software Engineer, indicating strong hiring intent as the company seeks to rapidly expand its engineering team.",1
240,2025-10-15 06:36:48,[Hiring] [Hybrid] [Dubai / UAE / Saudi Arabia] - 20 tech jobs in income tax-free places - 25 April 2025,techjobs,https://www.reddit.com/r/techjobs/comments/1k7yfcc/hiring_hybrid_dubai_uae_saudi_arabia_20_tech_jobs/,"The post lists multiple tech job openings in Dubai, Saudi Arabia, and surrounding regions, indicating a strong hiring intent. The variety of positions suggests an active recruitment campaign for tech roles.",0.9
239,2025-10-15 06:36:35,[Hiring] [Onsite] [US] - Software Engineer ($100k-$200k),techjobs,https://www.reddit.com/r/techjobs/comments/1k892uz/hiring_onsite_us_software_engineer_100k200k/,"The post clearly indicates hiring intent for a Software Engineer position with specific experience requirements and a link to apply, demonstrating strong interest in recruiting for a tech service.",1
238,2025-10-15 06:36:32,[Hiring] [Onsite] [US] - Generative AI Engineer ($162k-$185k),techjobs,https://www.reddit.com/r/techjobs/comments/1k895wi/hiring_onsite_us_generative_ai_engineer_162k185k/,"The post clearly indicates a hiring opportunity for a Generative AI Engineer with specified skills and a salary range, demonstrating strong intent to find a candidate.",0.95
237,2025-10-15 06:36:28,"[Hiring] [Remote] [Worldwide and more] - 3 Full Remote jobs at tech companies - Apr 26, 2025",techjobs,https://www.reddit.com/r/techjobs/comments/1k89g0f/hiring_remote_worldwide_and_more_3_full_remote/,"The post lists multiple remote job openings at tech companies, indicating strong hiring intent. It provides specific job titles, companies, and salary ranges, which suggests the poster is actively seeking to hire for these positions.",0.9
236,2025-10-15 06:36:25,[For Hire] [Remote] [Asia / Pacific] - Mobile App Developer / Frontend Developer / Backend Developer,techjobs,https://www.reddit.com/r/techjobs/comments/1k8fday/for_hire_remote_asia_pacific_mobile_app_developer/,"The post indicates strong hiring intent as the author is actively offering their services as a mobile app and web developer, specifying their skills and experiences. They invite direct messaging for potential projects, suggesting they are looking for work opportunities.",0.95
